type,enum,name,valid,value (metric),x (mm),y (mm),z (mm)
measure,0,CollarCircumference,True,34.3,,,
measure,1,NeckCircumference,True,40.41,,,
measure,2,BackShoulderWidth,True,41.39,,,
measure,3,ShoulderLengthLeft,True,10.96,,,
measure,4,ShoulderLengthRight,True,11.45,,,
measure,5,ShoulderSlopeLeft,True,20.68,,,
measure,6,ShoulderSlopeRight,True,21.84,,,
measure,7,OverArmCircumference,True,115.05,,,
measure,8,ChestCircumference,True,95.48,,,
measure,9,BustGirthWithDrop,True,90.97,,,
measure,10,UnderbustCircumference,True,81.86,,,
measure,11,BustToBustLength,True,15.23,,,
measure,12,SideNecktoBustlengthLeft,True,26.01,,,
measure,13,SideNecktoBustlengthRight,True,25.77,,,
measure,14,ArmCircumferenceLeft,True,48.03,,,
measure,15,ArmCircumferenceRight,True,49.17,,,
measure,16,ArmLengthLeft,True,57.91,,,
measure,17,ArmLengthRight,True,56.14,,,
measure,18,ArmUnderLengthLeft,True,42.29,,,
measure,19,ArmUnderLengthRight,True,42.05,,,
measure,20,SleeveLengthLeft,True,74.3,,,
measure,21,SleeveLengthRight,True,73.97,,,
measure,22,WaistCircumference,True,86.62,,,
measure,23,WaistHeight,True,101.18,,,
measure,24,HorizontalWaist,True,84.92,,,
measure,25,PantsWaist,True,90.29,,,
measure,26,NarrowWaist,True,75.88,,,
measure,27,LowRiseWaist,False,0.0,,,
measure,28,ElbowWaist,True,76.28,,,
measure,29,Stomach_FPCircumference,True,83.2,,,
measure,30,Stomach_MaxCircumference,True,84.39,,,
measure,31,AbdomenCircumference,True,92.35,,,
measure,32,AbdomenHeight,True,90.16,,,
measure,33,AbdomenRise,True,16.22,,,
measure,34,HipCircumference,True,102.38,,,
measure,35,SeatCircumference,True,100.21,,,
measure,36,CrotchHeight,True,73.98,,,
measure,37,CrotchLengthFull,True,72.87,,,
measure,38,FrontVerticalRise,True,26.8,,,
measure,39,SeatFoldHeight,True,74.67,,,
measure,40,InseamLeft,True,74.61,,,
measure,41,InseamRight,True,74.84,,,
measure,42,OutsideLegLengthLeft,True,101.94,,,
measure,43,OutsideLegLengthRight,True,102.23,,,
measure,44,ThighCircumferenceLeft,True,59.45,,,
measure,45,ThighCircumferenceRight,True,60.4,,,
measure,46,MidThighCircumferenceLeft,True,48.78,,,
measure,47,MidThighCircumferenceRight,True,49.01,,,
measure,48,KneeCircumferenceLeft,True,37.97,,,
measure,49,KneeCircumferenceRight,True,38.05,,,
measure,50,UnderKneeCircumferenceLeft,True,35.27,,,
measure,51,UnderKneeCircumferenceRight,True,35.52,,,
measure,52,UnderKneeHeightLeft,True,39.33,,,
measure,53,UnderKneeHeightRight,True,39.37,,,
measure,54,CalfCircumferenceLeft,True,37.18,,,
measure,55,CalfCircumferenceRight,True,37.46,,,
measure,56,MinLowerLegGirthLeft,True,23.0,,,
measure,57,MinLowerLegGirthRight,True,23.45,,,
measure,58,FootLengthLeft,True,24.32,,,
measure,59,FootLengthRight,True,24.77,,,
measure,60,SurfaceAreaTotal,True,17022.18,,,
measure,61,SurfaceAreaLegLeft,True,4114.01,,,
measure,62,SurfaceAreaLegRight,True,4278.88,,,
measure,63,SurfaceAreaArmLeft,True,1583.19,,,
measure,64,SurfaceAreaArmRight,True,1503.48,,,
measure,65,SurfaceAreaTorso,True,5488.76,,,
measure,66,TotalVolume,True,65145.34,,,
measure,67,LegVolumeLeft,True,9358.49,,,
measure,68,LegVolumeRight,True,9527.91,,,
measure,69,TorsoVolume,True,39256.13,,,
measure,70,ArmVolumeLeft,True,3580.81,,,
measure,71,ArmVolumeRight,True,3369.92,,,
measure,72,ChestCircumTapeMeasure,True,95.05,,,
measure,73,OverArmCircumTapeMeasure,True,113.2,,,
measure,74,BustGirthWithDropTapeMeasure,True,90.61,,,
measure,75,UnderbustCircumTapeMeasure,True,82.02,,,
measure,76,WaistCircumTapeMeasure,True,86.6,,,
measure,77,HorizWaistCircumTapeMeasure,True,84.83,,,
measure,78,PantsWaistTapeMeasure,True,90.39,,,
measure,79,NarrowWaistTapeMeasure,True,75.72,,,
measure,80,LowRiseWaistTapeMeasure,False,0.0,,,
measure,81,ElbowWaistTapeMeasure,True,76.12,,,
measure,82,Stomach_FP_TapeMeasure,True,82.92,,,
measure,83,Stomach_Max_TapeMeasure,True,84.55,,,
measure,84,AbdomenCircumTapeMeasure,True,92.28,,,
measure,85,HipCircumTapeMeasure,True,102.38,,,
measure,86,SeatCircumTapeMeasure,True,100.12,,,
measure,87,AcrossChestTapeMeasure,True,42.8,,,
measure,88,AcrossBackTapeMeasure,True,34.25,,,
measure,89,BicepCircumferenceLeft,True,30.21,,,
measure,90,BicepCircumferenceRight,True,29.65,,,
measure,91,AnkleCircumferenceLeft,True,23.24,,,
measure,92,AnkleCircumferenceRight,True,23.76,,,
measure,93,WristCircumferenceLeft,True,15.34,,,
measure,94,WristCircumferenceRight,True,15.95,,,
measure,95,HalfBackCenterTapeMeasure,True,38.81,,,
measure,96,FrontJacketTapeMeasure,True,69.96,,,
measure,97,BackNeck2BackChestContourLength,True,22.71,,,
measure,98,BackNeck2BackChestVerticalLength,True,21.47,,,
measure,99,TotalHeight,True,164.1,,,
measure,100,BackNeck2ShoulderBladeTapeMeasure,True,19.02,,,
measure,101,CenterTrunkLength,True,147.75,,,
measure,102,CenterTrunkLengthTapeMeasure,True,138.94,,,
measure,103,SideNeckTrunkCir,True,158.09,,,
measure,104,SideNeckTrunkCirTapeMeasure,True,155.8,,,
measure,105,OptimizedSmallWaistTape,True,77.45,,,
measure,106,OWaistSmallFrontHeight,True,100.75,,,
measure,107,OWaistSmallBackHeight,True,100.81,,,
measure,108,OWaistSmallLeftHeight,True,100.98,,,
measure,109,OWaistSmallRightHeight,True,101.19,,,
measure,110,OptimizedFormulaWaistTape,True,78.12,,,
measure,111,OWaistFormulaFrontHeight,True,99.05,,,
measure,112,OWaistFormulaBackHeight,True,99.4,,,
measure,113,OWaistFormulaLeftHeight,True,99.13,,,
measure,114,OWaistFormulaRightHeight,True,99.33,,,
measure,115,ForearmCircumferenceLeft,True,25.26,,,
measure,116,ForearmCircumferenceRight,True,25.39,,,
measure,117,FrontHipTapeMeasure,True,49.17,,,
measure,118,FrontWaistTapeMeasure,True,38.68,,,
measure,119,HorizontalWaistHeight,True,95.56,,,
measure,120,MinLowerLegHeightLeft,True,10.79,,,
measure,121,MinLowerLegHeightRight,True,11.1,,,
measure,122,ElbowCircTapeMeasureLeft,True,26.02,,,
measure,123,ElbowCircTapeMeasureRight,True,25.91,,,
measure,124,ElbowHeightLeft,True,102.19,,,
measure,125,ElbowHeightRight,True,100.26,,,
measure,126,ThighHeightLeft,True,68.9,,,
measure,127,ThighHeightRight,True,68.9,,,
measure,128,ChinHeight,True,140.0,,,
measure,129,BustProminenceLeft,True,22.56,,,
measure,130,BustProminenceRight,True,21.94,,,
measure,131,CervicaleToBustPointLeft,True,35.72,,,
measure,132,CervicaleToBustPointRight,True,35.58,,,
measure,133,AxillaChestCircTapeMeasure,True,96.79,,,
measure,134,SideBackWaistToFloorLeft,True,96.75,,,
measure,135,SideBackWaistToFloorRight,True,96.79,,,
measure,136,MidShoulderHeightLeft,True,133.91,,,
measure,137,MidShoulderHeightRight,True,133.71,,,
measure,138,VerticalTrunkCircumferenceLeft,True,154.41,,,
measure,139,VerticalTrunkCircumferenceRight,True,153.88,,,
measure,140,AcrossAxillaChestFrontLength,True,50.73,,,
measure,141,AcrossAxillaChestBackLength,True,45.88,,,
measure,142,HeadCircumference,True,58.37,,,
measure,143,MidShoulderToWaistLengthLeft,True,41.35,,,
measure,144,MidShoulderToWaistLengthRight,True,41.3,,,
measure,145,HingedUpperBustCircumference,True,95.24,,,
measure,146,HingedBustCircumference,True,98.62,,,
measure,147,FrontShoulderWidth,True,36.73,,,
measure,148,WaistAt50,True,78.52,,,
measure,149,HighHip,True,93.75,,,
measure,150,HighHiptoSOBOPTWaist,True,12.51,,,
measure,151,LowHip,True,101.96,,,
measure,152,LowHiptoSOBOPTWaist,True,25.35,,,
measure,153,Hips8InchDown,True,101.59,,,
measure,154,HipsAtCrotchPlus2Inch,True,102.0,,,
measure,155,MidShoulderToBustLeft,True,24.39,,,
measure,156,MidShoulderToBustRight,True,24.27,,,
measure,157,Halter,True,83.63,,,
measure,158,BackShoulderWidth45,True,37.3,,,
measure,159,BackShoulderWidthOverNeck,True,37.6,,,
measure,160,ShoulderArcLeft,True,52.33,,,
measure,161,ShoulderArcRight,True,52.2,,,
measure,162,BackVerticalRise,True,26.75,,,
measure,163,UpperBustFrontLength,True,39.1,,,
measure,164,BustVolumeLeft,True,436.66,,,
measure,165,BustVolumeRight,True,424.67,,,
measure,166,BustSurfaceAreaLeft,True,260.78,,,
measure,167,BustSurfaceAreaRight,True,270.35,,,
measure,168,ShoulderCircumference,True,104.6,,,
measure,169,ShoulderCirHeight,True,126.2,,,
measure,170,ArmCircumferenceOuterLeft,True,45.34,,,
measure,171,ArmCircumferenceOuterRight,True,46.22,,,
measure,172,ActualAnkleCircumferenceLeft,True,23.25,,,
measure,173,ActualAnkleCircumferenceRight,True,23.83,,,
measure,174,ActualKneeCircumferenceLeft,True,38.62,,,
measure,175,ActualKneeCircumferenceRight,True,38.72,,,
measure,176,ActualMidThighCircumferenceLeft,True,49.2,,,
measure,177,ActualMidThighCircumferenceRight,True,49.26,,,
measure,178,AcrossChestArmToArm,True,31.16,,,
measure,179,FrontCrotchLength,True,35.74,,,
measure,180,BackCrotchLength,True,37.09,,,
measure,181,NeckCircumferenceFL,True,11.18,,,
measure,182,NeckCircumferenceFR,True,11.08,,,
measure,183,NeckCircumferenceBL,True,9.32,,,
measure,184,NeckCircumferenceBR,True,9.16,,,
measure,185,ChestCircumTapeMeasureFL,True,25.59,,,
measure,186,ChestCircumTapeMeasureFR,True,25.58,,,
measure,187,ChestCircumTapeMeasureBL,True,21.76,,,
measure,188,ChestCircumTapeMeasureBR,True,21.72,,,
measure,189,BustGirthWithDropTapeMeasureFL,True,25.17,,,
measure,190,BustGirthWithDropTapeMeasureFR,True,24.99,,,
measure,191,BustGirthWithDropTapeMeasureBL,True,20.31,,,
measure,192,BustGirthWithDropTapeMeasureBR,True,19.82,,,
measure,193,UnderbustCircumTapeMeasureFL,True,20.99,,,
measure,194,UnderbustCircumTapeMeasureFR,True,20.99,,,
measure,195,UnderbustCircumTapeMeasureBL,True,19.97,,,
measure,196,UnderbustCircumTapeMeasureBR,True,19.84,,,
measure,197,OptimizedSmallWaistTapeFL,True,19.57,,,
measure,198,OptimizedSmallWaistTapeFR,True,19.45,,,
measure,199,OptimizedSmallWaistTapeBL,True,19.53,,,
measure,200,OptimizedSmallWaistTapeBR,True,18.74,,,
measure,201,OptimizedFormulaWaistTapeFL,True,20.08,,,
measure,202,OptimizedFormulaWaistTapeFR,True,19.82,,,
measure,203,OptimizedFormulaWaistTapeBL,True,19.46,,,
measure,204,OptimizedFormulaWaistTapeBR,True,18.97,,,
measure,205,WaistCircumTapeMeasureFL,True,22.21,,,
measure,206,WaistCircumTapeMeasureFR,True,22.14,,,
measure,207,WaistCircumTapeMeasureBL,True,21.18,,,
measure,208,WaistCircumTapeMeasureBR,True,20.79,,,
measure,209,HipCircumTapeMeasureFL,True,24.39,,,
measure,210,HipCircumTapeMeasureFR,True,24.29,,,
measure,211,HipCircumTapeMeasureBL,True,26.68,,,
measure,212,HipCircumTapeMeasureBR,True,26.62,,,
measure,213,SeatCircumTapeMeasureFL,True,23.09,,,
measure,214,SeatCircumTapeMeasureFR,True,23.08,,,
measure,215,SeatCircumTapeMeasureBL,True,26.82,,,
measure,216,SeatCircumTapeMeasureBR,True,26.52,,,
measure,217,AbdomenCircumTapeMeasureFL,True,21.82,,,
measure,218,AbdomenCircumTapeMeasureFR,True,21.78,,,
measure,219,AbdomenCircumTapeMeasureBL,True,24.24,,,
measure,220,AbdomenCircumTapeMeasureBR,True,24.09,,,
measure,221,Stomach_FP_TapeMeasureFL,True,20.73,,,
measure,222,Stomach_FP_TapeMeasureFR,True,20.64,,,
measure,223,Stomach_FP_TapeMeasureBL,True,20.91,,,
measure,224,Stomach_FP_TapeMeasureBR,True,20.79,,,
measure,225,Stomach_Max_TapeMeasureFL,True,20.51,,,
measure,226,Stomach_Max_TapeMeasureFR,True,20.5,,,
measure,227,Stomach_Max_TapeMeasureBL,True,21.47,,,
measure,228,Stomach_Max_TapeMeasureBR,True,21.27,,,
measure,229,HipWidestTapeMeasureFL,True,24.74,,,
measure,230,HipWidestTapeMeasureFR,True,24.85,,,
measure,231,HipWidestTapeMeasureBL,True,25.95,,,
measure,232,HipWidestTapeMeasureBR,True,25.9,,,
measure,233,HipWidestCircumference,True,101.87,,,
measure,234,UpperArmCircumferenceLeft,True,32.43,,,
measure,235,UpperArmCircumferenceRight,True,32.4,,,
measure,236,WaistAt50_TapeMeasureFL,True,19.52,,,
measure,237,WaistAt50_TapeMeasureFR,True,19.58,,,
measure,238,WaistAt50_TapeMeasureBL,True,19.89,,,
measure,239,WaistAt50_TapeMeasureBR,True,19.47,,,
measure,240,SleeveLengthTapeMeasureLeft,True,77.0,,,
measure,241,SleeveLengthTapeMeasureRight,True,76.61,,,
measure,242,Actual_Weight,False,0.0,,,
measure,243,EstimatedCrotchHeight,True,72.21,,,
measure,244,BodyFatPercent,True,25.17,,,
measure,245,TrouserWaist,True,78.12,,,
measure,246,HighPrecisionChest,True,91.28,,,
measure,247,HighPrecisionSeat,True,102.38,,,
landmark,0,CrotchPoint,True,,-3.5373167313352543,683.8484401850453,-29.778736892311795
landmark,1,NeckFront,True,,1.3758481463589376,1337.1661680133514,20.331493129324105
landmark,2,NeckBack,True,,-13.595883245105876,1395.0493594023042,-77.91761281316012
landmark,3,NeckLeft,True,,39.82485518420149,1376.3944996913212,-65.48663269554247
landmark,4,NeckRight,True,,-71.96166742793471,1356.6434536585211,-67.29796182602063
landmark,5,CollarFront,True,,-7.389785314239752,1379.658965259677,43.624933649453155
landmark,6,CollarBack,True,,-13.724946596801875,1411.311246050399,-75.04093928703301
landmark,7,CollarLeft,True,,47.29244678765236,1401.9321428401327,-11.87348612913262
landmark,8,CollarRight,True,,-62.16640162854733,1395.8472169552417,-23.576628340159193
landmark,9,OverArmFront,True,,12.387561526969622,1208.4586518517171,85.55427285081322
landmark,10,OverArmBack,True,,-8.762931889924156,1243.1736363823356,-115.44918734924264
landmark,11,OverArmLeft,True,,226.99626074547876,1206.7281468770968,-28.73512767861183
landmark,12,OverArmRight,True,,-234.16848391895587,1223.351079123199,-43.035828204819765
landmark,13,ShoulderLeft,True,,167.26167645687832,1312.7577081433988,-28.415985668292173
landmark,14,ShoulderRight,True,,-166.14155611737212,1313.9020101139847,-15.613974433764312
landmark,15,ArmpitLeft,True,,152.57392028765835,1155.5103327370173,-36.18622105156673
landmark,16,ArmpitRight,True,,-175.84931032167282,1198.0150091146575,21.408914631485423
landmark,17,BustFront,True,,-11.582076534449042,1157.228546492093,112.31465243533971
landmark,18,BustBack,True,,-15.087866740011288,1167.7851892979004,-116.75536443676857
landmark,19,BustLeft,True,,152.57392028765835,1155.5103327370173,-36.18622105156673
landmark,20,BustRight,True,,-160.92760539666725,1158.0936294945411,-18.465857655641177
landmark,21,UnderBustFront,True,,-1.6779353506376051,1119.1828938212961,111.87793475068263
landmark,22,UnderBustBack,True,,-5.095969041012862,1144.145617698992,-115.63678906802606
landmark,23,UnderBustLeft,True,,135.4422563839708,1107.2485933403514,5.063427042627601
landmark,24,UnderBustRight,True,,-148.28434191175867,1102.8659010551562,-3.014695044899408
landmark,25,StomachFPFront,True,,1.2546390036842912,1012.9136719216004,113.52042194136868
landmark,26,StomachFPBack,True,,-10.402761567888655,1004.3503134656361,-81.0229044391456
landmark,27,StomachFPLeft,True,,142.99583880371077,945.5612379493159,-8.90277716491096
landmark,28,StomachFPRight,True,,-154.97049536849943,924.7135646163903,-44.289012206402816
landmark,29,StomachMaxFront,True,,6.558733395493506,944.7861747309654,113.65148495240194
landmark,30,StomachMaxBack,True,,-10.183687974850736,964.1701320127581,-104.59414039732418
landmark,31,StomachMaxLeft,True,,144.63230456262315,940.3526106163505,-11.861755650086604
landmark,32,StomachMaxRight,True,,-146.95819097969138,942.6203192117232,12.052734693474768
landmark,33,WaistFront,True,,-16.5656125561277,994.9174374561325,115.05050190905555
landmark,34,WaistBack,True,,-8.999353727543784,1014.6918552080623,-79.84975946103799
landmark,35,WaistLeft,True,,117.56034062210507,1003.4944236887385,-46.97508437137868
landmark,36,WaistRight,True,,-130.24628205679204,1017.3880000511474,25.71751197840114
landmark,37,AbdomenFront,True,,-5.237216674273052,900.7068585185348,109.83233233318997
landmark,38,AbdomenBack,True,,-5.737422090296758,898.1308742522992,-144.36874577290604
landmark,39,AbdomenLeft,True,,155.75521298450275,898.4119803997216,-49.108967063615005
landmark,40,AbdomenRight,True,,-155.3043913545393,898.320069337069,12.57063288339757
landmark,41,HipFront,True,,0.9572178320229832,782.315458924631,71.3954152733309
landmark,42,HipBack,True,,-6.477205415059943,761.6011217559882,-146.50191552822446
landmark,43,HipLeft,True,,181.78955922251194,774.3165315656964,-47.81193774692379
landmark,44,HipRight,True,,-187.06645268376747,763.7347175604594,3.090407502155613
landmark,45,SeatFront,True,,2.7629182962926597,811.2215496011765,85.03114701007607
landmark,46,SeatBack,True,,-6.859586144513009,847.2928509514417,-162.65904084617122
landmark,47,SeatLeft,True,,170.39555022242217,822.5309946474908,-54.16095988853431
landmark,48,SeatRight,True,,-177.68078233399348,821.1083137884655,-51.46693707041091
landmark,49,UpperLeftThighFront,True,,107.21103941381485,684.2161804848685,65.66241041818009
landmark,50,UpperLeftThighBack,True,,84.9204842751459,667.2744028241061,-126.51843047553876
landmark,51,UpperLeftThighLeft,True,,185.94371071898442,666.9408164894505,-52.44736413109715
landmark,52,UpperLeftThighRight,True,,-0.4546657461958974,682.5129500632568,-36.7640846993283
landmark,53,UpperRightThighFront,True,,-99.00290005506888,688.5814426681883,75.51799940743001
landmark,54,UpperRightThighBack,True,,-96.99091957736285,668.8783781197211,-119.16644068764609
landmark,55,UpperRightThighLeft,True,,-9.864484959244061,673.4911002957336,-22.519612355584204
landmark,56,UpperRightThighRight,True,,-189.268870703245,664.3351479132385,-3.1376693217947587
landmark,57,MidLeftThighFront,True,,107.30412366760149,554.816244603242,37.185766882757775
landmark,58,MidLeftThighBack,True,,91.07179498407537,546.5571878020899,-125.70403914255775
landmark,59,MidLeftThighLeft,True,,176.17623524193792,540.2726807278735,-37.700692545221
landmark,60,MidLeftThighRight,True,,33.876306276177125,558.4594032465891,-10.705379676173942
landmark,61,MidRightThighFront,True,,-102.39574443239906,565.3348551690676,48.306600408959916
landmark,62,MidRightThighBack,True,,-120.32196571542046,547.581702641631,-117.21257596605939
landmark,63,MidRightThighLeft,True,,-34.085627358075726,549.6553388673399,-18.66659320201122
landmark,64,MidRightThighRight,True,,-177.40768079177002,543.3303340591946,-14.134052183039465
landmark,65,KneeLeftLegFront,True,,114.69552480746921,431.7300162111621,-5.985578980272038
landmark,66,KneeLeftLegBack,True,,114.25310585924417,404.7651762395083,-128.52254560582654
landmark,67,KneeLeftLegLeft,True,,177.1821363260145,414.49235682416156,-53.14559995729716
landmark,68,KneeLeftLegRight,True,,67.10926835735235,417.08346809924586,-46.6566734539235
landmark,69,KneeRightLegFront,True,,-116.89499000156798,412.19084990947744,-2.8488398459584556
landmark,70,KneeRightLegBack,True,,-137.98184499008553,404.4226436485527,-126.06504422024496
landmark,71,KneeRightLegLeft,True,,-67.53844652872893,417.66690336417366,-44.63582478519126
landmark,72,KneeRightLegRight,True,,-183.15505314203807,425.3882052958979,-81.23405890758825
landmark,73,UnderKneeLeftLegFront,True,,125.73431537325732,402.5132052821724,-12.707787419620196
landmark,74,UnderKneeLeftLegBack,True,,124.9929920564156,374.2558050327296,-137.90068737768266
landmark,75,UnderKneeLeftLegLeft,True,,180.4067517080544,387.6727721447305,-54.07649690014856
landmark,76,UnderKneeLeftLegRight,True,,78.50189684097593,388.3434205072878,-48.517067810627594
landmark,77,UnderKneeRightLegFront,True,,-125.49951577184169,398.79661015969583,-5.265324643476502
landmark,78,UnderKneeRightLegBack,True,,-145.27890527920215,369.852971090265,-133.67547471621705
landmark,79,UnderKneeRightLegLeft,True,,-83.01810460920592,382.3164596542928,-45.013106705933026
landmark,80,UnderKneeRightLegRight,True,,-185.55646261174843,371.01313116328294,-46.83910295599359
landmark,81,CalfLeftLegFront,True,,145.10459917282472,326.4735710383604,-30.46479253895616
landmark,82,CalfLeftLegBack,True,,139.76279951964068,306.41268882590754,-149.95878613745282
landmark,83,CalfLeftLegLeft,True,,196.5278404191533,321.97015734478066,-60.12173946980318
landmark,84,CalfLeftLegRight,True,,88.5164917786103,308.93261310703457,-105.99598383787576
landmark,85,CalfRightLegFront,True,,-150.2159944796053,317.8278114035023,-27.86481305273645
landmark,86,CalfRightLegBack,True,,-160.57543968162955,301.6696010424504,-144.16694656995708
landmark,87,CalfRightLegLeft,True,,-102.73776147589729,300.90326342510946,-55.67037046606627
landmark,88,CalfRightLegRight,True,,-202.4949273392541,317.36024433976945,-59.33371237623838
landmark,89,AnkleLeftLegFront,True,,163.32316827510667,94.98254518756832,-38.14374513113391
landmark,90,AnkleLeftLegBack,True,,166.88498738351183,101.3990768427034,-117.05646550669763
landmark,91,AnkleLeftLegLeft,True,,179.09762137957534,87.00973451611945,-38.960430917165326
landmark,92,AnkleLeftLegRight,True,,158.20305074676756,79.16832186008403,-37.30788679816742
landmark,93,AnkleRightLegFront,True,,-161.3485845616835,69.0464542701553,-32.39351011605802
landmark,94,AnkleRightLegBack,True,,-174.17625237842378,84.61890294678474,-112.80412227356999
landmark,95,AnkleRightLegLeft,True,,-160.19635656856767,75.48823847316302,-35.049224901529705
landmark,96,AnkleRightLegRight,True,,-171.41603547445368,80.82901439198986,-36.637734338260806
landmark,97,FootLeftToe,True,,197.34376385852815,-4.179230355522618,99.46678810186019
landmark,98,FootLeftHeel,True,,165.09545022012824,2.3073815214761875,-116.60637079480298
landmark,99,FootRightToe,True,,-186.88886524630635,-8.496502257264941,106.18461680124419
landmark,100,FootRightHeel,True,,-170.89259516978848,-3.7430081440940843,-118.35815882990644
landmark,101,ElbowLeft,True,,240.4863923714863,1042.4480748870415,2.0729657508384944
landmark,102,ElbowRight,True,,-275.28210578928486,1005.2793240667316,19.174413641565565
landmark,103,WristLeft,True,,361.4401501377596,821.6432716142237,34.82837675102485
landmark,104,WristRight,True,,-377.22418376667304,821.1506680036159,54.41707701109652
landmark,105,BustPointLeft,True,,69.98930868904125,1156.6808909952317,122.73711329601099
landmark,106,BustPointRight,True,,-81.35632981393735,1159.4913561643618,123.57290207312474
landmark,107,Chin,True,,-15.530407657066135,1410.3061930901383,77.07776729710494
landmark,108,MidShoulderLeft,True,,100.66367237891836,1340.457654083749,-39.57235957121033
landmark,109,MidShoulderRight,True,,-125.44745441747176,1329.381144313755,-22.664099375182854
landmark,110,HeadCircumFront,True,,-6.940336682234525,1535.3684702606913,89.67715351247433
landmark,111,HeadCircumBack,True,,-10.720776843184881,1560.9667496387665,-103.34626640933062
landmark,112,HeadCircumLeft,True,,70.21448799765253,1563.395166747003,-20.25063889092223
landmark,113,HeadCircumRight,True,,-80.51818985768585,1552.7913660381876,8.690422196092042
landmark,114,WristLeftArmForward,True,,354.71298058063655,817.6220051174927,36.09246414079548
landmark,115,WristLeftArmBack,True,,355.8839991910383,849.0860758438467,-27.405759526360157
landmark,116,WristLeftArmLeft,True,,376.22634541838465,822.2328922887018,28.547392304560454
landmark,117,WristLeftArmRight,True,,344.38060562862944,813.0858616502732,28.41356080156917
landmark,118,WristRightArmForward,True,,-367.92910614323984,824.9817301081254,55.28926719548548
landmark,119,WristRightArmBack,True,,-372.9609752034037,854.8804257156278,3.0156924361273623
landmark,120,WristRightArmLeft,True,,-361.39202301928214,802.1580813662863,62.05805237488667
landmark,121,WristRightArmRight,True,,-384.0347624270658,824.7369013171065,47.354477795285625
landmark,122,ElbowLeftArmForward,True,,259.9004072287782,1016.1232445005107,-2.0350882816531977
landmark,123,ElbowLeftArmBack,True,,250.66130286357046,1026.507561840595,-72.61885917101641
landmark,124,ElbowLeftArmLeft,True,,284.4181434356665,1046.0709075182197,-17.163859478931627
landmark,125,ElbowLeftArmRight,True,,212.82195078081696,1014.6496266122895,-26.609121521525356
landmark,126,ElbowRightArmForward,True,,-277.1646065627275,1011.5185877877631,18.465058009618037
landmark,127,ElbowRightArmBack,True,,-296.4946019354587,1003.4577956693497,-43.77702720542108
landmark,128,ElbowRightArmLeft,True,,-252.08728633327894,983.0790500954603,-46.7208963373722
landmark,129,ElbowRightArmRight,True,,-294.763908573006,1027.1619460952447,10.55732782640755
landmark,130,NarrowWaistForward,True,,4.80317906742607,1038.5899662765053,111.42530227090303
landmark,131,NarrowWaistBack,True,,-10.748663119382128,1055.074551258421,-89.199790183328
landmark,132,NarrowWaistLeft,True,,125.06796084654633,1056.3859323033064,-2.521668412227447
landmark,133,NarrowWaistRight,True,,-130.9267661094546,1030.0770178560094,20.132428429640775
landmark,134,SmallOfBack,True,,-9.725893849087186,1028.2683875714993,-81.56153202775181
landmark,135,ApexBustLeft,True,,96.6224413608106,1160.5059815198586,116.14691157552247
landmark,136,ApexBustRight,True,,-102.00124243516925,1154.435362788207,116.46788386173048
landmark,137,UpperBustLeft,True,,104.43160269807973,1283.9830962401943,19.97939387383961
landmark,138,UpperBustRight,True,,-94.2500765734063,1289.4569519494687,22.84433859326321
landmark,139,SideBustLeft,True,,140.70974355641007,1167.1931818003245,38.02790242915752
landmark,140,SideBustRight,True,,-150.96533751438915,1169.6721710027898,32.01785972831005
landmark,141,CenterBustLeft,True,,31.319615305046028,1164.5251237583525,113.0265119486064
landmark,142,CenterBustRight,True,,-30.072195343495196,1168.6378477927801,114.79317978930212
landmark,143,LowerBustLeft,True,,86.01999887279837,1101.4671513708786,106.68867683073766
landmark,144,LowerBustRight,True,,-92.4982851291038,1102.7814459658307,108.00582971819321
landmark,145,Bust30DegreesLeft,True,,32.35051746754248,1137.2538687237711,115.43716590042858
landmark,146,Bust60DegreesLeft,True,,59.982049975891044,1114.8254588431762,118.20954710540606
landmark,147,Bust120DegreesLeft,True,,116.43780123169414,1096.7974582443994,68.16834958273004
landmark,148,Bust150DegreesLeft,True,,138.28182711495575,1137.1839073646124,41.825704345224004
landmark,149,Bust210DegreesLeft,True,,159.63876366610307,1201.2589084928488,16.056272491136912
landmark,150,Bust240DegreesLeft,True,,135.37686339824776,1252.4270775744046,27.34815466553857
landmark,151,Bust300DegreesLeft,True,,39.30887663057401,1270.9227529045338,47.164001853215
landmark,152,Bust330DegreesLeft,True,,17.64769234624475,1206.556638179251,87.85074058678624
landmark,153,Bust30DegreesRight,True,,-30.153458808462318,1127.6585075533435,120.1829748965643
landmark,154,Bust60DegreesRight,True,,-63.67518643553961,1108.517351224029,120.39469913668027
landmark,155,Bust120DegreesRight,True,,-112.93963192234615,1102.523415962396,88.78813420148053
landmark,156,Bust150DegreesRight,True,,-138.34816642581157,1124.1972694992896,57.24036273965
landmark,157,Bust210DegreesRight,True,,-142.9967123120501,1223.503164299467,40.1983407545772
landmark,158,Bust240DegreesRight,True,,-130.89334476831453,1257.695590197231,34.44944363416573
landmark,159,Bust300DegreesRight,True,,-41.80686711127804,1281.9576778025564,41.04405244531438
landmark,160,Bust330DegreesRight,True,,-32.994204382188414,1224.3649755522613,79.7119886354976
landmark,161,NeckMidLeft,True,,39.82485518420149,1376.3944996913212,-65.48663269554247
landmark,162,NeckMidRight,True,,-71.96166742793471,1356.6434536585211,-67.29796182602063
landmark,163,ActualAnkleLeftLegFront,True,,164.55042094558075,74.12865976203192,-33.77983224536202
landmark,164,ActualAnkleLeftLegBack,True,,150.0522729980718,75.6083488688566,-107.71376847445725
landmark,165,ActualAnkleLeftLegLeft,True,,179.09762137957534,87.00973451611945,-38.960430917165326
landmark,166,ActualAnkleLeftLegRight,True,,158.20305074676756,79.16832186008403,-37.30788679816742
landmark,167,ActualAnkleRightLegFront,True,,-161.3485845616835,69.0464542701553,-32.39351011605802
landmark,168,ActualAnkleRightLegBack,True,,-174.17625237842378,84.61890294678474,-112.80412227356999
landmark,169,ActualAnkleRightLegLeft,True,,-156.46574409335585,80.2831340767292,-38.279673876310774
landmark,170,ActualAnkleRightLegRight,True,,-199.15833162499698,89.40761645885499,-75.90842742647907
landmark,171,ActualKneeLeftLegFront,True,,112.69944946300404,444.07348573556146,-1.8023778324192223
landmark,172,ActualKneeLeftLegBack,True,,102.71562499629212,431.9707033651653,-124.31004500775745
landmark,173,ActualKneeLeftLegLeft,True,,170.5623431362532,441.8786871359723,-39.78219418761652
landmark,174,ActualKneeLeftLegRight,True,,59.26384948308082,441.97252778546545,-41.694376935778465
landmark,175,ActualKneeRightLegFront,True,,-115.21227249272548,431.661775056891,3.333910532875357
landmark,176,ActualKneeRightLegBack,True,,-127.41762254453207,431.31352437240497,-120.79997116766236
landmark,177,ActualKneeRightLegLeft,True,,-55.73007051949387,448.7585702008819,-42.65277304438811
landmark,178,ActualKneeRightLegRight,True,,-181.0085614134887,433.28642117166055,-49.27462113866862
landmark,179,ActualMidLeftThighFront,True,,107.30412366760149,554.816244603242,37.185766882757775
landmark,180,ActualMidLeftThighBack,True,,96.59787110752492,551.961854621952,-126.5946464651369
landmark,181,ActualMidLeftThighLeft,True,,171.09394897914996,560.9461278594321,-8.203918105484847
landmark,182,ActualMidLeftThighRight,True,,31.38749319102674,564.93327569839,-11.240964924329177
landmark,183,ActualMidRightThighFront,True,,-102.84177727591279,550.5489870970846,43.89595636976503
landmark,184,ActualMidRightThighBack,True,,-107.29098390549463,564.410260521509,-118.10138228226937
landmark,185,ActualMidRightThighLeft,True,,-34.16987354687364,562.6959309938339,-8.118039022260033
landmark,186,ActualMidRightThighRight,True,,-175.56158242298145,552.4648064101851,-5.4414937866975315
landmark,187,BustWithDropFront,True,,-4.4607242263763025,1163.074117068442,108.45497217415353
landmark,188,BustWithDropBack,True,,-12.503400351980583,1114.075508244132,-109.7144145705601
landmark,189,BustWithDropLeft,True,,140.6729035951866,1128.6080258469185,-0.36904496429198
landmark,190,BustWithDropRight,True,,-151.67988306638975,1120.0786425797573,-3.9123824560673133
landmark,191,HipWidestFront,True,,0.7545488387165888,767.8591958939269,64.27975461436634
landmark,192,HipWidestBack,True,,-5.086793033362812,726.0682956734067,-119.64462630198823
landmark,193,HipWidestLeft,True,,184.1946758670121,742.0503691301834,-65.06751696663603
landmark,194,HipWidestRight,True,,-190.9310926122871,737.0215418349779,-0.4498849553626409
landmark,195,WaistAt50Front,True,,2.5842471419461397,983.0183108078688,115.45352100170487
landmark,196,WaistAt50Back,True,,-10.402761567888655,1004.3503134656361,-81.0229044391456
landmark,197,WaistAt50Left,True,,131.3809297460143,986.0260597185348,-12.603041380395887
landmark,198,WaistAt50Right,True,,-137.947099801096,983.7597850634262,3.5269577565352606
